title,category,contents,link
헌혈도 앱으로 하는 시대 레드 커넥트,봉사,가까운 헌혈의집 확인부터 예약까지!,https://play.google.com/store/apps/details?id=com.sk.redconnect
성균관대학교 UR1004 봉사활동,봉사,"378 도산의밤 상패, 메달 전달 요원 봉사(여자 2명) 이지영 차장2022-11-02 도산아카데미 2022.11.09~2022.11.09 2 0 ",https://ur1004.skku.edu/ur1004/program/registration.do?mode=list&&articleLimit=10&article.offset=0
성균관대학교 UR1004 봉사활동,봉사,377 창경궁 나들이 엄주랑2022-10-12 창경어린이집 2022.10.28~2022.10.28 6 1 ,https://ur1004.skku.edu/ur1004/program/registration.do?mode=list&&articleLimit=10&article.offset=0
성균관대학교 UR1004 봉사활동,봉사,376 제20회 이곳만은 꼭지키자 시민공모전 시상식 김화정2022-10-04 한국내셔널트러스트 2022.10.22~2022.10.22 2 0 ,https://ur1004.skku.edu/ur1004/program/registration.do?mode=list&&articleLimit=10&article.offset=0
성균관대학교 UR1004 봉사활동,봉사,375 후원물품 정리(창고정리) 자원봉사자 모집 문소영2022-09-28 사단법인 사랑의친구들 2022.10.05~2022.10.07 4 0 ,https://ur1004.skku.edu/ur1004/program/registration.do?mode=list&&articleLimit=10&article.offset=0
성균관대학교 UR1004 봉사활동,봉사,374 사무보조 이윤미2022-09-27 흥사단교육운동본부 2022.09.30~2022.09.30 1 1 ,https://ur1004.skku.edu/ur1004/program/registration.do?mode=list&&articleLimit=10&article.offset=0
성균관대학교 UR1004 봉사활동,봉사,373 ‘2022 사랑의 친구들 바자’ 행사 물품 운반 자원봉사자 모집 ① 문소영2022-09-06 사단법인 사랑의친구들 2022.09.23~2022.09.23 30 1 ,https://ur1004.skku.edu/ur1004/program/registration.do?mode=list&&articleLimit=10&article.offset=0
성균관대학교 UR1004 봉사활동,봉사,372 ‘2022 사랑의친구들 바자’ 행사 진행보조 자원봉사자 모집 ② 문소영2022-09-06 사단법인 사랑의친구들 2022.09.24~2022.09.24 10 1 ,https://ur1004.skku.edu/ur1004/program/registration.do?mode=list&&articleLimit=10&article.offset=0
성균관대학교 UR1004 봉사활동,봉사,371 ‘2022 사랑의친구들 바자’ 행사 진행보조 및 물품 운반 자원봉사자 모집 ③ 문소영2022-09-06 사단법인 사랑의친구들 2022.09.24~2022.09.24 30 1 ,https://ur1004.skku.edu/ur1004/program/registration.do?mode=list&&articleLimit=10&article.offset=0
성균관대학교 UR1004 봉사활동,봉사,370 사무보조 이윤미2022-09-01 흥사단교육운동본부 2022.09.13~2022.09.13 1 0 ,https://ur1004.skku.edu/ur1004/program/registration.do?mode=list&&articleLimit=10&article.offset=0
성균관대학교 UR1004 봉사활동,봉사,369 회지(소식지) 우편 발송 및 후원물품 정리② 문소영2022-08-19 사단법인 사랑의친구들 2022.08.25~2022.08.25 10 0 ,https://ur1004.skku.edu/ur1004/program/registration.do?mode=list&&articleLimit=10&article.offset=0
네이버클라우드,기업인턴십/산학협력,"네이버클라우드 주식회사 1000대 네이버그룹 [NAVER Cloud] 서비스/상품 기획 (PaaS) 체험형 인턴 모집 신입/경력(연차무관) 대졸이상 서울 강남구 인턴 응용프로그래머, 통신·모바일 ~11.20 (일)(4일전 등록) ",https://job.incruit.com/entry/searchjob.asp?jobty=4&scale=3&group1=3&schol=70&schol=60&occ1=150
GS넷비전,기업인턴십/산학협력,"GS넷비전 GS넷비전 GS그룹 [GS넷비전] MCN 크리에이터 및 영상디자인(모션그래픽) 채용 신입/경력2년↑ 대졸이상 서울 강남구 정규직외 컨텐츠·사이트운영, 광고·CG·시각디자인, 광고·광고기획(AE) 18시 마감(12일전 등록) ",https://job.incruit.com/entry/searchjob.asp?jobty=4&scale=3&group1=3&schol=70&schol=60&occ1=150
에스케이쉴더스,기업인턴십/산학협력,"에스케이쉴더스 에스케이쉴더스 주식회사 1000대 SK그룹 보안SE신입 채용 신입 초대졸이상 경기 성남시 인턴 통신·모바일, 네트워크·서버·보안 ~11.20 (일)(7일전 등록) ",https://job.incruit.com/entry/searchjob.asp?jobty=4&scale=3&group1=3&schol=70&schol=60&occ1=150
LG,기업인턴십/산학협력,LG CNS LG CNS 신입/경력채용 데이터분석가백엔드/서버개발웹개발웹마스터유지보수 외 신입 · 경력 대학교(4년)↑ 정규직 서울 강서구 ~ 11/30(수) ,https://www.saramin.co.kr/zf_user/jobs/public/list?sort=ud&quick_apply=&show_applied=&search_day=&keyword=&pr_exp_lv%5B%5D=1&final_edu%5B%5D=3&company_scale%5B%5D=1&company_scale%5B%5D=2&up_cd%5B%5D=3&jobtype%5B%5D=1#listTop%5D=2&up_cd%5B%5D=3&jobtype%5B%5D=4#listTop
LG,"취업캠프/서류,면접 클리닉",LG CNS LG CNS 신입/경력채용 데이터분석가백엔드/서버개발웹개발웹마스터유지보수 외 신입 · 경력 대학교(4년)↑ 정규직 서울 강서구 ~ 11/30(수) ,https://www.saramin.co.kr/zf_user/jobs/public/list?sort=ud&quick_apply=&show_applied=&search_day=&keyword=&pr_exp_lv%5B%5D=1&final_edu%5B%5D=3&company_scale%5B%5D=1&company_scale%5B%5D=2&up_cd%5B%5D=3&jobtype%5B%5D=1#listTop%5D=2&up_cd%5B%5D=3&jobtype%5B%5D=4#listTop
엘에스아이티씨(주),기업인턴십/산학협력,엘에스아이티씨(주) 22년 LS ITC 채용연계형 인턴 모집 기술지원보안컨설팅유지보수정보보안네트워크 외 신입 대학교(4년)↑ 정규직 · 인턴직 서울 용산구 ~ 11/20(일) ,https://www.saramin.co.kr/zf_user/jobs/public/list?sort=ud&quick_apply=&show_applied=&search_day=&keyword=&pr_exp_lv%5B%5D=1&final_edu%5B%5D=3&company_scale%5B%5D=1&company_scale%5B%5D=2&up_cd%5B%5D=3&jobtype%5B%5D=1#listTop%5D=2&up_cd%5B%5D=3&jobtype%5B%5D=4#listTop
엘에스아이티씨(주),"취업캠프/서류,면접 클리닉",엘에스아이티씨(주) 22년 LS ITC 채용연계형 인턴 모집 기술지원보안컨설팅유지보수정보보안네트워크 외 신입 대학교(4년)↑ 정규직 · 인턴직 서울 용산구 ~ 11/20(일) ,https://www.saramin.co.kr/zf_user/jobs/public/list?sort=ud&quick_apply=&show_applied=&search_day=&keyword=&pr_exp_lv%5B%5D=1&final_edu%5B%5D=3&company_scale%5B%5D=1&company_scale%5B%5D=2&up_cd%5B%5D=3&jobtype%5B%5D=1#listTop%5D=2&up_cd%5B%5D=3&jobtype%5B%5D=4#listTop
CJ,"취업캠프/서류,면접 클리닉","CJ ENM CJ그룹 CJ ENM 엔터테인먼트부문 콘텐츠운영지원/방송제작지원 직군(고졸이상) 신입사원 모집 신입 고졸이상 서울 마포구 정규직 멀티미디어(동영상·음향), 마케팅, 방송제작·연출·촬영·기자, 일반사무·사무지원, 세무·회계 상시(2022.06.15 수정) ",https://job.incruit.com/entry/searchjob.asp?jobty=1&scale=3&group1=3&schol=70&schol=60&occ1=150
(주)KCC,"취업캠프/서류,면접 클리닉","(주)KCC (주)KCC 1000대 KCC그룹 2023년 대졸 신입사원 공개채용 신입 대졸이상 전국 외 정규직 전산·IT기술지원, 경영·기획·전략, 해외영업, 일반·법인영업, 기술영업, 생산관리, 품질관리, 생산·조립·가공·포장·검품, 총무·법무·특허, 인사·채용·인재개발(HRM·HRD), 경리, 세무·회계, 재무·자금·IR, 마케팅, 홍보·PR·전시·컨벤션 23시 마감(12일전 수정) ",https://job.incruit.com/entry/searchjob.asp?jobty=1&scale=3&group1=3&schol=70&schol=60&occ1=150
한국조선해양(주),"취업캠프/서류,면접 클리닉","한국조선해양(주) 한국조선해양(주) 현대중공업그룹 [현대중공업그룹] 22년 현대중공업그룹 하반기 연구 신입 및 경력 채용 신입/경력(연차무관) 대졸이상 울산 동구 외 정규직 ERP·시스템분석·설계, 원자력·우주·조선·철강, 기계·금속·재료, 연구원·연구개발, 게임(Game), 섬유·화학, 시스템프로그래머, 빅데이터·AI(인공지능), 전자·반도체, 토목·조경·도시·측량 ~11.15 (화)(12일전 등록) ",https://job.incruit.com/entry/searchjob.asp?jobty=1&scale=3&group1=3&schol=70&schol=60&occ1=150
LG이노텍(주),"취업캠프/서류,면접 클리닉","LG이노텍(주) LG이노텍(주) 1000대 LG그룹 업무혁신 분야(품질 PI) 신입/경력사원 채용 신입/경력3년↑ 대졸이상 서울 강서구 정규직 전산·IT기술지원, ERP·시스템분석·설계, 품질관리 ~11.17 (목)(6일전 등록) ",https://job.incruit.com/entry/searchjob.asp?jobty=1&scale=3&group1=3&schol=70&schol=60&occ1=150
LG이노텍(주),"취업캠프/서류,면접 클리닉","LG이노텍(주) LG이노텍(주) 1000대 LG그룹 [전자부품] 신입/경력사원 채용 신입/경력(연차무관) 대졸이상 서울 강서구 정규직 전산·IT기술지원, 영업기획, 마케팅 ~11.20 (일)(6일전 등록) ",https://job.incruit.com/entry/searchjob.asp?jobty=1&scale=3&group1=3&schol=70&schol=60&occ1=150
포스코아이씨티(주),"취업캠프/서류,면접 클리닉","포스코아이씨티(주) 포스코아이씨티(주) 1000대 포스코그룹 [포스코ICT] 신입/경력 AI전문인력 채용 신입/경력2년↑ 대졸이상 경북 포항시 남구 외 정규직 빅데이터·AI(인공지능), ERP·시스템분석·설계 ~11.30 (수)(25일전 등록) ",https://job.incruit.com/entry/searchjob.asp?jobty=1&scale=3&group1=3&schol=70&schol=60&occ1=150
LG이노텍(주),"취업캠프/서류,면접 클리닉","LG이노텍(주) LG이노텍(주) 1000대 LG그룹 [전장부품] 신입/경력사원 채용 신입/경력(연차무관) 대졸이상 서울 강서구 외 정규직 소프트웨어·하드웨어, 기계·금속·재료, 응용프로그래머, 시스템프로그래머, 생산관리, 연구원·연구개발 ~11.20 (일)(4일전 등록) ",https://job.incruit.com/entry/searchjob.asp?jobty=1&scale=3&group1=3&schol=70&schol=60&occ1=150
GS,"취업캠프/서류,면접 클리닉","GS GS EPS(주) 1000대 GS그룹 22년 하반기 GS EPS 경력직 상시채용 및 보훈자 특별채용 신입/경력(연차무관) 초대졸이상 충남 당진시 외 정규직 응용프로그래머, 구매·자재, 총무·법무·특허, 경영·기획·전략, 인사·채용·인재개발(HRM·HRD), 설치·수리·정비·A/S , 시설·환경·안전·플랜트, 환경·화학기능 상시(2022.06.16 수정) ",https://job.incruit.com/entry/searchjob.asp?jobty=1&scale=3&group1=3&schol=70&schol=60&occ1=150
현대스틸산업주식회사,"취업캠프/서류,면접 클리닉",현대스틸산업주식회사 현대스틸산업주식회사 현대자동차그룹 현대스틸산업 IT 담당자 채용 신입/경력5년↑ 대졸이상 서울 정규직 ERP·시스템분석·설계 채용시(20일전 수정) ,https://job.incruit.com/entry/searchjob.asp?jobty=1&scale=3&group1=3&schol=70&schol=60&occ1=150
(주)케이티아이에스,"취업캠프/서류,면접 클리닉","(주)케이티아이에스 (주)케이티아이에스 1000대 KT그룹 [ 센터별 모집 / KT 고객센터 ] 인바운드 상담직 / 재택근무 가능 /신입 가능 신입/경력(연차무관) 고졸이상 서울 서대문구 외 정규직외 월급 2,300,000원 컨텐츠·사이트운영, 인바운드 텔레마케터, 일반사무·사무지원 23시 마감(5일전 등록) ",https://job.incruit.com/entry/searchjob.asp?jobty=1&scale=3&group1=3&schol=70&schol=60&occ1=150
GS넷비전,"취업캠프/서류,면접 클리닉","GS넷비전 GS넷비전 GS그룹 [GS넷비전] MCN 크리에이터 및 영상디자인(모션그래픽) 채용 신입/경력2년↑ 대졸이상 서울 강남구 정규직외 컨텐츠·사이트운영, 광고·CG·시각디자인, 광고·광고기획(AE) 18시 마감(12일전 등록) ",https://job.incruit.com/entry/searchjob.asp?jobty=1&scale=3&group1=3&schol=70&schol=60&occ1=150
(주)현대이지웰,"취업캠프/서류,면접 클리닉","(주)현대이지웰 (주)현대이지웰 현대백화점그룹 현대백화점그룹 현대이지웰 웹개발자 채용 신입/경력5년미만 대졸이상 서울 서대문구 정규직 웹디자인, 웹프로그래머, HTML·퍼블리싱·UI개발 23시 마감(5일전 등록) ",https://job.incruit.com/entry/searchjob.asp?jobty=1&scale=3&group1=3&schol=70&schol=60&occ1=150
LINE,"취업캠프/서류,면접 클리닉","LINE LINE 1000대 네이버그룹 LINE Wallet & Fintech - ML/Data Scientist 신입/경력(연차무관) 석사이상 경기 성남시 정규직 응용프로그래머, 데이터베이스·DBA 채용시(2022.09.19 수정) ",https://job.incruit.com/entry/searchjob.asp?jobty=1&scale=3&group1=3&schol=70&schol=60&occ1=150
에스케이쉴더스,"취업캠프/서류,면접 클리닉",에스케이쉴더스 에스케이쉴더스 주식회사 1000대 SK그룹 정보보안 운영 / 정보보안 진단 / 정보보안 전략 / 컨설팅 신입/경력직 채용 신입/경력3년↑ 초대졸이상 서울 종로구 정규직외 네트워크·서버·보안 ~11.30 (수)(11일전 등록) ,https://job.incruit.com/entry/searchjob.asp?jobty=1&scale=3&group1=3&schol=70&schol=60&occ1=150
에스케이쉴더스,"취업캠프/서류,면접 클리닉","에스케이쉴더스 에스케이쉴더스 주식회사 1000대 SK그룹 보안관제 / 보안SE / Cloud CERT 신입/경력직 채용 신입/경력(연차무관) 초대졸이상 경기 성남시 정규직외 통신·모바일, 네트워크·서버·보안 ~11.20 (일)(7일전 등록) ",https://job.incruit.com/entry/searchjob.asp?jobty=1&scale=3&group1=3&schol=70&schol=60&occ1=150
에스케이쉴더스,"취업캠프/서류,면접 클리닉",에스케이쉴더스 에스케이쉴더스 주식회사 1000대 SK그룹 배터리사업 보안취약점 진단 신입/경력직 채용 신입/경력(연차무관) 초대졸이상 서울 정규직 네트워크·서버·보안 ~11.18 (금)(7일전 등록) ,https://job.incruit.com/entry/searchjob.asp?jobty=1&scale=3&group1=3&schol=70&schol=60&occ1=150
에스케이쉴더스,"취업캠프/서류,면접 클리닉","에스케이쉴더스 에스케이쉴더스 주식회사 1000대 SK그룹 악성코드 분석 신입/경력직 채용 신입/경력2년↑ 대졸이상 경기 성남시 정규직외 통신·모바일, 네트워크·서버·보안 ~11.20 (일)(7일전 등록) ",https://job.incruit.com/entry/searchjob.asp?jobty=1&scale=3&group1=3&schol=70&schol=60&occ1=150
에스케이쉴더스,"취업캠프/서류,면접 클리닉","에스케이쉴더스 에스케이쉴더스 주식회사 1000대 SK그룹 보안 취약점 연구/ CTI 분석/ 대응센터 운영 · 기획 경력직 채용 신입/경력2년↑ 대졸이상 경기 성남시 정규직외 통신·모바일, 네트워크·서버·보안 ~11.20 (일)(7일전 수정) ",https://job.incruit.com/entry/searchjob.asp?jobty=1&scale=3&group1=3&schol=70&schol=60&occ1=150
에스케이쉴더스,"취업캠프/서류,면접 클리닉","에스케이쉴더스 에스케이쉴더스 주식회사 1000대 SK그룹 보안운영 및 CERT 신입/경력직 채용 신입/경력(연차무관) 초대졸이상 경기 성남시 분당구 외 정규직외 네트워크·서버·보안, 통신·모바일 ~11.20 (일)(7일전 등록) ",https://job.incruit.com/entry/searchjob.asp?jobty=1&scale=3&group1=3&schol=70&schol=60&occ1=150
에스케이쉴더스,"취업캠프/서류,면접 클리닉",에스케이쉴더스 에스케이쉴더스 주식회사 1000대 SK그룹 정보보호 컨설턴트 신입사원 수시 채용 신입 대졸이상 경기 성남시 분당구 외 정규직외 네트워크·서버·보안 채용시(2022.09.13 수정) ,https://job.incruit.com/entry/searchjob.asp?jobty=1&scale=3&group1=3&schol=70&schol=60&occ1=150
에스케이쉴더스,"취업캠프/서류,면접 클리닉","에스케이쉴더스 에스케이쉴더스 주식회사 1000대 SK그룹 정보보호 컨설팅 신입 수시 채용 신입 대졸이상 경기 성남시 정규직 통신·모바일, 네트워크·서버·보안 ~12.31 (토)(2022.10.07 등록) ",https://job.incruit.com/entry/searchjob.asp?jobty=1&scale=3&group1=3&schol=70&schol=60&occ1=150
현대자동차(주),"취업캠프/서류,면접 클리닉",현대자동차(주) 현대자동차(주) 1000대 현대자동차그룹 제네시스 스페이스 컨텐츠 기획/개발 신입 대졸이상 서울 서초구 정규직 컨텐츠·사이트운영 23시 마감(13일전 등록) ,https://job.incruit.com/entry/searchjob.asp?jobty=1&scale=3&group1=3&schol=70&schol=60&occ1=150
현대자동차(주),"취업캠프/서류,면접 클리닉","현대자동차(주) 현대자동차(주) 1000대 현대자동차그룹 자동차 사이버보안 기술 개발(신입) 신입 대졸이상 경기 화성시 정규직 통신·모바일, 네트워크·서버·보안 23시 마감(13일전 등록) ",https://job.incruit.com/entry/searchjob.asp?jobty=1&scale=3&group1=3&schol=70&schol=60&occ1=150
현대자동차(주),"취업캠프/서류,면접 클리닉","현대자동차(주) 현대자동차(주) 1000대 현대자동차그룹 완성차 품질평가 - 전장/EV 시스템 신입 대졸이상 경기 화성시 정규직 ERP·시스템분석·설계, 전기·전자·통신기능 23시 마감(13일전 등록) ",https://job.incruit.com/entry/searchjob.asp?jobty=1&scale=3&group1=3&schol=70&schol=60&occ1=150
현대자동차(주),"취업캠프/서류,면접 클리닉",현대자동차(주) 현대자동차(주) 1000대 현대자동차그룹 국내 IT/플랫폼 비즈니스 기획/운영 신입 대졸이상 서울 강남구 정규직 통신·모바일 23시 마감(13일전 수정) ,https://job.incruit.com/entry/searchjob.asp?jobty=1&scale=3&group1=3&schol=70&schol=60&occ1=150
캐논코리아,기업인턴십/산학협력,"주식회사 2023년 1분기 캐논코리아 정기신입사원(채용연계형인턴) 모집 기획·전략·경영 소프트웨어·하드웨어 해외영업·무역영업 외 항목 캐논코리아에 지원하신 이유와 지원하신 직무에 본인이 적합한 이유(경험 및 강점), 그리고 캐논코리아에서 이루고 싶은 목표를 기술해주세요. 인턴·신입 대졸↑ ~2022.11.20(일) ","https://www.jobkorea.co.kr/starter/?chkSubmit=1&schCareer=1&schLocal=I000,B000,K000&schPart=10016&schMajor=&schEduLevel=5,6&schWork=2,3&schCType=11,12,13&isSaved=1&LinkGubun=0&LinkNo=0&Page=1&schType=0&schGid=0&schOrderBy=0&schTxt="
㈜영원아웃도어,"취업캠프/서류,면접 클리닉",22년도 4Q 부문별 수시 채용(신입/경력) 재무·세무·IR 마케팅·광고·분석 응용프로그래머 외 신입·경력 대졸↑ 즉시지원 ~2022.11.30(수) ,"https://www.jobkorea.co.kr/starter/?chkSubmit=1&schCareer=1&schLocal=I000,B000,K000&schPart=10016&schMajor=&schEduLevel=5,6&schWork=1&schCType=11,12,13&isSaved=1&LinkGubun=0&LinkNo=0&Page=1&schType=0&schGid=0&schOrderBy=0&schTxt="
㈜야나두,"취업캠프/서류,면접 클리닉",[야나두] 에듀테크부문 대규모 채용 (기획.마케팅 직군) 기획·전략·경영 마케팅·광고·분석 홍보·PR 외 신입·경력 대졸↑ 즉시지원 ~2022.12.10(토) ,"https://www.jobkorea.co.kr/starter/?chkSubmit=1&schCareer=1&schLocal=I000,B000,K000&schPart=10016&schMajor=&schEduLevel=5,6&schWork=1&schCType=11,12,13&isSaved=1&LinkGubun=0&LinkNo=0&Page=1&schType=0&schGid=0&schOrderBy=0&schTxt="
카카오모빌리티,"취업캠프/서류,면접 클리닉",카카오모빌리티 신입/경력 개발공채 응용프로그래머 QA·테스터·검증 빅데이터·AI(인공지능) 외 신입·경력 대졸↑ ~2022.11.21(월) ,"https://www.jobkorea.co.kr/starter/?chkSubmit=1&schCareer=1&schLocal=I000,B000,K000&schPart=10016&schMajor=&schEduLevel=5,6&schWork=1&schCType=11,12,13&isSaved=1&LinkGubun=0&LinkNo=0&Page=1&schType=0&schGid=0&schOrderBy=0&schTxt="
㈜대한솔루션,"취업캠프/서류,면접 클리닉",2022년 (주)대한솔루션 IT 경력사원 채용 응용프로그래머 시스템프로그래머 DBA·데이터베이스 신입·경력 대졸↑ 즉시지원 ~2023.01.26(목) ,"https://www.jobkorea.co.kr/starter/?chkSubmit=1&schCareer=1&schLocal=I000,B000,K000&schPart=10016&schMajor=&schEduLevel=5,6&schWork=1&schCType=11,12,13&isSaved=1&LinkGubun=0&LinkNo=0&Page=1&schType=0&schGid=0&schOrderBy=0&schTxt="
현대로템㈜,"취업캠프/서류,면접 클리닉",현대로템 부문별 신입/경력사원 채용 기획·전략·경영 사무·총무·법무 응용프로그래머 외 항목 자신이 현대로템 및 지원 직무에 적합한 인재라고 생각하는 이유에 대해 말씀해 주세요. 신입·경력 대졸↑ 오늘마감 에스케이쉴더스㈜ 정보보안 운영 · 진단 · 전략 · 컨설팅 신입/경력직 채용 네트워크·서버·보안 신입·경력 대졸↑ ~2022.11.30(수) ,"https://www.jobkorea.co.kr/starter/?chkSubmit=1&schCareer=1&schLocal=I000,B000,K000&schPart=10016&schMajor=&schEduLevel=5,6&schWork=1&schCType=11,12,13&isSaved=1&LinkGubun=0&LinkNo=0&Page=1&schType=0&schGid=0&schOrderBy=0&schTxt="
㈜리드코프,"취업캠프/서류,면접 클리닉",(주)리드코프 및 계열사 전산인력 채용 웹프로그래머 응용프로그래머 네트워크·서버·보안 신입·경력 대졸↑ 즉시지원 ~2022.11.26(토) ,"https://www.jobkorea.co.kr/starter/?chkSubmit=1&schCareer=1&schLocal=I000,B000,K000&schPart=10016&schMajor=&schEduLevel=5,6&schWork=1&schCType=11,12,13&isSaved=1&LinkGubun=0&LinkNo=0&Page=1&schType=0&schGid=0&schOrderBy=0&schTxt="
SK㈜,"취업캠프/서류,면접 클리닉",[SK(주) C&C] 제조 분야 Junior Talent 개발자 채용 HTML·퍼블리싱·UI개발 응용프로그래머 신입 대졸↑ ~2022.12.21(수) ,"https://www.jobkorea.co.kr/starter/?chkSubmit=1&schCareer=1&schLocal=I000,B000,K000&schPart=10016&schMajor=&schEduLevel=5,6&schWork=1&schCType=11,12,13&isSaved=1&LinkGubun=0&LinkNo=0&Page=1&schType=0&schGid=0&schOrderBy=0&schTxt="
SK㈜,"취업캠프/서류,면접 클리닉",[SK(주) C&C] 금융 분야 Junior Talent 개발자 채용 HTML·퍼블리싱·UI개발 응용프로그래머 신입 대졸↑ ~2022.12.21(수) ,"https://www.jobkorea.co.kr/starter/?chkSubmit=1&schCareer=1&schLocal=I000,B000,K000&schPart=10016&schMajor=&schEduLevel=5,6&schWork=1&schCType=11,12,13&isSaved=1&LinkGubun=0&LinkNo=0&Page=1&schType=0&schGid=0&schOrderBy=0&schTxt="
대면[능실종합사회복지관] 능실마을 축제 진행을 도울 자원봉사자를 모집합니다. ,봉사,대면[능실종합사회복지관] 능실마을 축제 진행을 도울 자원봉사자를 모집합니다. 필요/신청인원: 8/ 6 봉사기간: 2022-11-16~ 2022-11-16 모집기관: 능실종합사회복지관 ,https://www.vms.or.kr/partspace/recruit.do?area=0108&areagugun=4111000000&acttype=&status=1&volacttype=&sttdte=2022-11-12&enddte=2022-12-12&termgbn=&searchType=title&searchValue=&page=1
대면[밀알복지재단 경기지부] 장애인식개선캠페인 봉사자 모집 ,봉사,대면[밀알복지재단 경기지부] 장애인식개선캠페인 봉사자 모집 필요/신청인원: 2/ 1 새로운글 봉사기간: 2022-11-14~ 2022-11-30 모집기관: 사회복지법인 ,https://www.vms.or.kr/partspace/recruit.do?area=0108&areagugun=4111000000&acttype=&status=1&volacttype=&sttdte=2022-11-12&enddte=2022-12-12&termgbn=&searchType=title&searchValue=&page=1
대면[버드내] 버드내노인복지관 청춘문화축제 행사보조 모집 ,봉사,대면[버드내] 버드내노인복지관 청춘문화축제 행사보조 모집 필요/신청인원: 20/ 1 봉사기간: 2022-11-23~ 2022-11-24 모집기관: 버드내노인복지관 ,https://www.vms.or.kr/partspace/recruit.do?area=0108&areagugun=4111000000&acttype=&status=1&volacttype=&sttdte=2022-11-12&enddte=2022-12-12&termgbn=&searchType=title&searchValue=&page=1
대면[버드내] 버드내노인복지관 청춘문화축제 행사보조 자원봉사자 모집 ,봉사,대면[버드내] 버드내노인복지관 청춘문화축제 행사보조 자원봉사자 모집 필요/신청인원: 30/ 6 봉사기간: 2022-11-23~ 2022-11-24 모집기관: 버드내노인복지관 ,https://www.vms.or.kr/partspace/recruit.do?area=0108&areagugun=4111000000&acttype=&status=1&volacttype=&sttdte=2022-11-12&enddte=2022-12-12&termgbn=&searchType=title&searchValue=&page=1
대면고등학생수학지도 ,봉사,대면고등학생수학지도 필요/신청인원: 1/ 0 봉사기간: 2022-11-02~ 2022-12-31 모집기관: 화서지역아동센터 ,https://www.vms.or.kr/partspace/recruit.do?area=0108&areagugun=4111000000&acttype=&status=1&volacttype=&sttdte=2022-11-12&enddte=2022-12-12&termgbn=&searchType=title&searchValue=&page=1
대면남부사회적응훈련센터 지역사회체험훈련 ,봉사,대면남부사회적응훈련센터 지역사회체험훈련 필요/신청인원: 0/ 5 봉사기간: 2022-10-27~ 2022-11-30 모집기관: 사단법인 ,https://www.vms.or.kr/partspace/recruit.do?area=0108&areagugun=4111000000&acttype=&status=1&volacttype=&sttdte=2022-11-12&enddte=2022-12-12&termgbn=&searchType=title&searchValue=&page=1
대면초등학생기초학습지도 ,봉사,대면초등학생기초학습지도 필요/신청인원: 6/ 2 봉사기간: 2022-10-27~ 2022-12-31 모집기관: 화서지역아동센터 ,https://www.vms.or.kr/partspace/recruit.do?area=0108&areagugun=4111000000&acttype=&status=1&volacttype=&sttdte=2022-11-12&enddte=2022-12-12&termgbn=&searchType=title&searchValue=&page=1
대면중학생 영어지도 ,봉사,대면중학생 영어지도 필요/신청인원: 1/ 1 봉사기간: 2022-10-12~ 2022-12-31 모집기관: 화서지역아동센터 ,https://www.vms.or.kr/partspace/recruit.do?area=0108&areagugun=4111000000&acttype=&status=1&volacttype=&sttdte=2022-11-12&enddte=2022-12-12&termgbn=&searchType=title&searchValue=&page=1
대면고등학생 수학지도 ,봉사,대면고등학생 수학지도 필요/신청인원: 1/ 1 봉사기간: 2022-10-06~ 2022-12-31 모집기관: 화서지역아동센터 ,https://www.vms.or.kr/partspace/recruit.do?area=0108&areagugun=4111000000&acttype=&status=1&volacttype=&sttdte=2022-11-12&enddte=2022-12-12&termgbn=&searchType=title&searchValue=&page=1
대면정신장애인 외부활동 지원 ,봉사,대면정신장애인 외부활동 지원 필요/신청인원: 10/ 8 봉사기간: 2022-09-23~ 2022-12-31 모집기관: 더숲 ,https://www.vms.or.kr/partspace/recruit.do?area=0108&areagugun=4111000000&acttype=&status=1&volacttype=&sttdte=2022-11-12&enddte=2022-12-12&termgbn=&searchType=title&searchValue=&page=1
대면수원시홍재장애인주간보호시설 프로그램 활동보조 및 재능봉사자 모집 ,봉사,대면수원시홍재장애인주간보호시설 프로그램 활동보조 및 재능봉사자 모집 필요/신청인원: 0/ 0 봉사기간: 2022-09-21~ 2023-12-31 모집기관: 수원시홍재장애인주간보호시설 ,https://www.vms.or.kr/partspace/recruit.do?area=0108&areagugun=4111000000&acttype=&status=1&volacttype=&sttdte=2022-11-12&enddte=2022-12-12&termgbn=&searchType=title&searchValue=&page=1
비대면2022년 경기남부센터 홍보 서포터즈 모집 공고 ,봉사,비대면2022년 경기남부센터 홍보 서포터즈 모집 공고 필요/신청인원: 10/ 15 봉사기간: 2022-09-01~ 2022-11-30 모집기관: 한국도박문제관리센터 ,https://www.vms.or.kr/partspace/recruit.do?area=0108&areagugun=4111000000&acttype=&status=1&volacttype=&sttdte=2022-11-12&enddte=2022-12-12&termgbn=&searchType=title&searchValue=&page=1
대면인식개선 관련 그림 자원봉사자 모집 ,봉사,대면인식개선 관련 그림 자원봉사자 모집 필요/신청인원: 3/ 0 봉사기간: 2022-09-14~ 2022-12-31 모집기관: 호매실장애인종합복지관 ,https://www.vms.or.kr/partspace/recruit.do?area=0108&areagugun=4111000000&acttype=&status=1&volacttype=&sttdte=2022-11-12&enddte=2022-12-12&termgbn=&searchType=title&searchValue=&page=1
비대면2022년 경기도시각장애인연합회 낭독봉사자 모집 ,봉사,비대면2022년 경기도시각장애인연합회 낭독봉사자 모집 필요/신청인원: 10/ 29 봉사기간: 2022-09-01~ 2022-12-31 모집기관: 사단법인 ,https://www.vms.or.kr/partspace/recruit.do?area=0108&areagugun=4111000000&acttype=&status=1&volacttype=&sttdte=2022-11-12&enddte=2022-12-12&termgbn=&searchType=title&searchValue=&page=1
대면학습지도 자원봉사자 모집 ,봉사,대면학습지도 자원봉사자 모집 필요/신청인원: 3/ 4 봉사기간: 2022-09-13~ 2022-12-30 모집기관: 영통종합사회복지관 ,https://www.vms.or.kr/partspace/recruit.do?area=0108&areagugun=4111000000&acttype=&status=1&volacttype=&sttdte=2022-11-12&enddte=2022-12-12&termgbn=&searchType=title&searchValue=&page=1
성균관대학교 UR1004 봉사활동 프로그램,봉사,"2022년 13기 KOICA 프로젝트봉사단 추가모집 안내 - [보건분야/볼리비아, 에티오피아] NEW No.125 2022-11-07 조회수64 첨부파일 ",https://ur1004.skku.edu/ur1004/community/notice.do
성균관대학교 UR1004 봉사활동 프로그램,봉사,"2022년 겨울방학, 서울동행 멘토링 봉사활동 모집 안내 NEW No.124 2022-11-07 조회수68 첨부파일 ",https://ur1004.skku.edu/ur1004/community/notice.do
성균관대학교 UR1004 봉사활동 프로그램,봉사,[한국대학사회봉사협의회] 2023년 아인슈타인클래스 14기 멘토 모집 No.123 2022-10-18 조회수115 첨부파일 ,https://ur1004.skku.edu/ur1004/community/notice.do
성균관대학교 UR1004 봉사활동 프로그램,봉사,국립농업박물관 자원봉사자 모집 안내 No.122 2022-10-17 조회수125 행복나눔 ,https://ur1004.skku.edu/ur1004/community/notice.do
성균관대학교 UR1004 봉사활동 프로그램,봉사,가피봉사단 집수리 봉사 모집 No.121 2022-10-17 조회수96 첨부파일 ,https://ur1004.skku.edu/ur1004/community/notice.do
성균관대학교 UR1004 봉사활동 프로그램,봉사,수원시장애인가족지원센터 10주년 기념 수원힐링토크콘서트 안내 No.120 2022-10-14 조회수83 첨부파일 ,https://ur1004.skku.edu/ur1004/community/notice.do
성균관대학교 UR1004 봉사활동 프로그램,봉사,고등학생 북 튜터링(멘토링) 대학생 교육봉사 모집 No.119 2022-10-07 조회수121 첨부파일 ,https://ur1004.skku.edu/ur1004/community/notice.do
성균관대학교 UR1004 봉사활동 프로그램,봉사,2022 세계문화체험교실 봉사자 모집 안내 No.118 2022-09-23 조회수189 첨부파일 ,https://ur1004.skku.edu/ur1004/community/notice.do
성균관대학교 UR1004 봉사활동 프로그램,봉사,2022년 KOICA-NGO 교육협력봉사단 에듀콥스(Edu-corps) 모집 안내 No.117 2022-09-23 조회수148 첨부파일 ,https://ur1004.skku.edu/ur1004/community/notice.do
성균관대학교 UR1004 봉사활동 프로그램,봉사,2022 가을 농활 봉사자 모집 안내 No.116 2022-09-16 조회수188 첨부파일 ,https://ur1004.skku.edu/ur1004/community/notice.do
시간인증 모집중 ( 환경보호  > 기타 )(비대면)기후위기 자원봉사 [플라스틱 보물찾기],봉사, 시간인증 모집중 ( 환경보호  > 기타 ) (비대면)기후위기 자원봉사 [플라스틱 보물찾기] 시간인증 모집중 ( 환경보호  > 기타 ) (비대면)기후위기 자원봉사 [플라스틱 보물찾기],https://www.1365.go.kr/vols/1572247904127/partcptn/timeCptn.do
"시간인증 모집중 ( 생활편의지원  > 청결지도 )늘푸른작은도서관 사서업무지원,행정지원,환경미화 청결활동",봉사," 시간인증 모집중 ( 생활편의지원  > 청결지도 ) 늘푸른작은도서관 사서업무지원,행정지원,환경미화 청결활동 시간인증 모집중 ( 생활편의지원  > 청결지도 ) 늘푸른작은도서관 사서업무지원,행정지원,환경미화 청결활동",https://www.1365.go.kr/vols/1572247904127/partcptn/timeCptn.do
시간인증 모집중 ( 생활편의지원  > 청결지도 )수원요양병원 환우 이미용봉사,봉사, 시간인증 모집중 ( 생활편의지원  > 청결지도 ) 수원요양병원 환우 이미용봉사 시간인증 모집중 ( 생활편의지원  > 청결지도 ) 수원요양병원 환우 이미용봉사,https://www.1365.go.kr/vols/1572247904127/partcptn/timeCptn.do
시간인증 모집중 ( 멘토링  > 멘토링 )수원초등학교 학교사회복지실 로켓봉사자 모집,봉사, 시간인증 모집중 ( 멘토링  > 멘토링 ) 수원초등학교 학교사회복지실 로켓봉사자 모집 시간인증 모집중 ( 멘토링  > 멘토링 ) 수원초등학교 학교사회복지실 로켓봉사자 모집,https://www.1365.go.kr/vols/1572247904127/partcptn/timeCptn.do
시간인증 모집중 ( 환경보호  > 환경정화 )[GP문화환경보호실천연합회] 수원천 일대 하천정화활동,봉사, 시간인증 모집중 ( 환경보호  > 환경정화 ) [GP문화환경보호실천연합회] 수원천 일대 하천정화활동 시간인증 모집중 ( 환경보호  > 환경정화 ) [GP문화환경보호실천연합회] 수원천 일대 하천정화활동,https://www.1365.go.kr/vols/1572247904127/partcptn/timeCptn.do
시간인증 모집중 ( 안전.예방  > 어린이 안전 )학생보호인력(배움터지킴이),봉사, 시간인증 모집중 ( 안전.예방  > 어린이 안전 ) 학생보호인력(배움터지킴이) 시간인증 모집중 ( 안전.예방  > 어린이 안전 ) 학생보호인력(배움터지킴이),https://www.1365.go.kr/vols/1572247904127/partcptn/timeCptn.do
시간인증 모집중 ( 생활편의지원  > 활동보조 )수원사랑어린이집_실외 놀이터 대청소 자원봉사 모집,봉사, 시간인증 모집중 ( 생활편의지원  > 활동보조 ) 수원사랑어린이집_실외 놀이터 대청소 자원봉사 모집 시간인증 모집중 ( 생활편의지원  > 활동보조 ) 수원사랑어린이집_실외 놀이터 대청소 자원봉사 모집,https://www.1365.go.kr/vols/1572247904127/partcptn/timeCptn.do
시간인증 모집중 ( 문화행사  > 기타 )[수원시 시민소통과] 「2022 수원시민 창안대회」결선대회 청중평가단,봉사, 시간인증 모집중 ( 문화행사  > 기타 ) [수원시 시민소통과] 「2022 수원시민 창안대회」결선대회 청중평가단 시간인증 모집중 ( 문화행사  > 기타 ) [수원시 시민소통과] 「2022 수원시민 창안대회」결선대회 청중평가단,https://www.1365.go.kr/vols/1572247904127/partcptn/timeCptn.do
시간인증 모집중 ( 행정보조  > 업무지원 )경기도청우체국 행정보조 및 업무지원,봉사, 시간인증 모집중 ( 행정보조  > 업무지원 ) 경기도청우체국 행정보조 및 업무지원 시간인증 모집중 ( 행정보조  > 업무지원 ) 경기도청우체국 행정보조 및 업무지원,https://www.1365.go.kr/vols/1572247904127/partcptn/timeCptn.do
"시간인증 모집중 ( 환경보호  > 환경정화 )환경보호 ""나부터 시작이다""",봉사," 시간인증 모집중 ( 환경보호  > 환경정화 ) 환경보호 ""나부터 시작이다"" 시간인증 모집중 ( 환경보호  > 환경정화 ) 환경보호 ""나부터 시작이다""",https://www.1365.go.kr/vols/1572247904127/partcptn/timeCptn.do
도커 이미지 분석 도구 사용성 평가 참가자 모집 공고 [박사/ 박사과정생],"취업캠프/서류,면접 클리닉",6935 도커 이미지 분석 도구 사용성 평가 참가자 모집 공고 [박사/ 박사과정생] ADMIN 2022.11.08 18 ,https://cs.skku.edu/ko/news/recruit/list
[쿠팡] 2022 쿠팡 테크 신입 개발자 공개채용(~11/13(일)),"취업캠프/서류,면접 클리닉",6934 [쿠팡] 2022 쿠팡 테크 신입 개발자 공개채용(~11/13(일)) ADMIN 2022.11.08 46 ,https://cs.skku.edu/ko/news/recruit/list
[LG CNS] 2022 CODE MONSTER (채용연계형) (~11.11(금)),"취업캠프/서류,면접 클리닉",6927 [LG CNS] 2022 CODE MONSTER (채용연계형) (~11.11(금)) ADMIN 2022.10.31 108 ,https://cs.skku.edu/ko/news/recruit/list
[EA Korea] 2022년 하반기 EA Korea Winter Internship 모집 (10/24~11/13),"취업캠프/서류,면접 클리닉",6926 [EA Korea] 2022년 하반기 EA Korea Winter Internship 모집 (10/24~11/13) ADMIN 2022.10.31 110 ,https://cs.skku.edu/ko/news/recruit/list
2022년 지역산업 맞춤형 인재발굴 프로젝트 교육생 모집 공고(~11/10),"취업캠프/서류,면접 클리닉",6920 2022년 지역산업 맞춤형 인재발굴 프로젝트 교육생 모집 공고(~11/10) ADMIN 2022.10.27 43 ,https://cs.skku.edu/ko/news/recruit/list
[서울대학교병원 융합의학기술원] 인공지능 기반의 의료영상 분석 연구원 모집,"취업캠프/서류,면접 클리닉",6919 [서울대학교병원 융합의학기술원] 인공지능 기반의 의료영상 분석 연구원 모집 ADMIN 2022.10.27 33 ,https://cs.skku.edu/ko/news/recruit/list
[삼성메디슨] 2022 하반기 3급 신입사원 채용(~11/2),"취업캠프/서류,면접 클리닉",6917 [삼성메디슨] 2022 하반기 3급 신입사원 채용(~11/2) ADMIN 2022.10.26 47 ,https://cs.skku.edu/ko/news/recruit/list
[한화/모멘텀] 2022년 채용전제형 인턴 모집 (~11/13),"취업캠프/서류,면접 클리닉",6916 [한화/모멘텀] 2022년 채용전제형 인턴 모집 (~11/13) ADMIN 2022.10.26 48 ,https://cs.skku.edu/ko/news/recruit/list
[KISIA] 2022 하반기 정보보호 취업박람회,"취업캠프/서류,면접 클리닉",6915 [KISIA] 2022 하반기 정보보호 취업박람회 ADMIN 2022.10.26 26 ,https://cs.skku.edu/ko/news/recruit/list
[스마일게이트] 2022 스마일게이트 채용연계형 인턴십 모집(~11/8),"취업캠프/서류,면접 클리닉",6914 [스마일게이트] 2022 스마일게이트 채용연계형 인턴십 모집(~11/8) ADMIN 2022.10.26 79 ,https://cs.skku.edu/ko/news/recruit/list
학생성공멘토링(교수-학생)_남궁주현 교수님,"취업캠프/서류,면접 클리닉",2022 자기주도성 학생성공멘토링(교수-학생)_남궁주현 교수님 01/06 2022/11/15~2022/11/15 2022/11/01 09:00 ~ 2022/11/14 09:30 ,https://chsquare.skku.edu/challenge/nxui/index.html?ticket=dZvGDG1D4p3CHoZG
학생성공멘토링(교수-학생)_김재직 교수님,"취업캠프/서류,면접 클리닉",2022 자기주도성 학생성공멘토링(교수-학생)_김재직 교수님 01/03 2022/11/15~2022/11/15 2022/11/01 09:00 ~ 2022/11/14 09:30 ,https://chsquare.skku.edu/challenge/nxui/index.html?ticket=dZvGDG1D4p3CHoZG
학생성공멘토링(교수-학생)_조재민 교수님,"취업캠프/서류,면접 클리닉",2022 자기주도성 학생성공멘토링(교수-학생)_조재민 교수님 01/20 2022/11/15~2022/11/15 2022/11/01 09:00 ~ 2022/11/14 09:30 ,https://chsquare.skku.edu/challenge/nxui/index.html?ticket=dZvGDG1D4p3CHoZG
흥인_(인)_11.14.(월) 11시,"취업캠프/서류,면접 클리닉",2022 자기주도성 흥인_(인)_11.14.(월) 11시 13/01 2022/11/14~2022/11/14 2022/11/04 09:00 ~ 2022/11/14 23:50 ,https://chsquare.skku.edu/challenge/nxui/index.html?ticket=dZvGDG1D4p3CHoZG
홍지2_고전강독_(인)_11월15일 11시,"취업캠프/서류,면접 클리닉",2022 자기주도성 홍지2_고전강독_(인)_11월15일 11시 08/01 2022/11/15~2022/11/15 2022/09/13 00:00 ~ 2022/11/15 23:50 ,https://chsquare.skku.edu/challenge/nxui/index.html?ticket=dZvGDG1D4p3CHoZG
학생성공멘토링(교수-학생)_방석호 교수님,"취업캠프/서류,면접 클리닉",2022 자기주도성 학생성공멘토링(교수-학생)_방석호 교수님 01/07 2022/11/16~2022/11/16 2022/11/01 09:00 ~ 2022/11/15 09:30 ,https://chsquare.skku.edu/challenge/nxui/index.html?ticket=dZvGDG1D4p3CHoZG
학생성공멘토링(교수-학생)_김동호 교수님,"취업캠프/서류,면접 클리닉",2022 자기주도성 학생성공멘토링(교수-학생)_김동호 교수님 01/02 2022/11/17~2022/11/17 2022/11/01 09:00 ~ 2022/11/16 09:30 ,https://chsquare.skku.edu/challenge/nxui/index.html?ticket=dZvGDG1D4p3CHoZG
학생성공멘토링(교수-학생)_한옥영 교수님,"취업캠프/서류,면접 클리닉",2022 자기주도성 학생성공멘토링(교수-학생)_한옥영 교수님 01/22 2022/11/17~2022/11/17 2022/11/01 09:00 ~ 2022/11/16 09:30 ,https://chsquare.skku.edu/challenge/nxui/index.html?ticket=dZvGDG1D4p3CHoZG
학생성공멘토링(교수-학생)_허진희 교수님,"취업캠프/서류,면접 클리닉",2022 자기주도성 학생성공멘토링(교수-학생)_허진희 교수님 01/23 2022/11/17~2022/11/17 2022/11/01 09:00 ~ 2022/11/16 09:30 ,https://chsquare.skku.edu/challenge/nxui/index.html?ticket=dZvGDG1D4p3CHoZG
학생성공멘토링(교수-학생)_양영구 교수님,"취업캠프/서류,면접 클리닉",2022 자기주도성 학생성공멘토링(교수-학생)_양영구 교수님 01/11 2022/11/17~2022/11/17 2022/11/01 09:00 ~ 2022/11/16 09:30 ,https://chsquare.skku.edu/challenge/nxui/index.html?ticket=dZvGDG1D4p3CHoZG
학생성공멘토링(교수-학생)_김준호 교수님,"취업캠프/서류,면접 클리닉",2022 자기주도성 학생성공멘토링(교수-학생)_김준호 교수님 01/05 2022/11/17~2022/11/17 2022/11/01 09:00 ~ 2022/11/16 09:30 ,https://chsquare.skku.edu/challenge/nxui/index.html?ticket=dZvGDG1D4p3CHoZG
숭례1_주례_(자)_11.16.(수) 11시,"취업캠프/서류,면접 클리닉",2022 자기주도성 숭례1_주례_(자)_11.16.(수) 11시 10/01 2022/11/16~2022/11/16 2022/11/04 09:00 ~ 2022/11/16 23:50 ,https://chsquare.skku.edu/challenge/nxui/index.html?ticket=dZvGDG1D4p3CHoZG
돈의_(자)_11.16.(수) 13시,"취업캠프/서류,면접 클리닉",2022 자기주도성 돈의_(자)_11.16.(수) 13시 13/01 2022/11/16~2022/11/16 2022/11/04 09:00 ~ 2022/11/16 23:00 ,https://chsquare.skku.edu/challenge/nxui/index.html?ticket=dZvGDG1D4p3CHoZG
홍지1_자성록_(자)_11.16.(수) 13시,"취업캠프/서류,면접 클리닉",2022 자기주도성 홍지1_자성록_(자)_11.16.(수) 13시 15/02 2022/11/16~2022/11/16 2022/11/04 09:00 ~ 2022/11/16 23:50 ,https://chsquare.skku.edu/challenge/nxui/index.html?ticket=dZvGDG1D4p3CHoZG
홍지1_자성록_(자)_11.16.(수) 11시,"취업캠프/서류,면접 클리닉",2022 자기주도성 홍지1_자성록_(자)_11.16.(수) 11시 14/02 2022/11/16~2022/11/16 2022/11/04 09:00 ~ 2022/11/16 23:50 ,https://chsquare.skku.edu/challenge/nxui/index.html?ticket=dZvGDG1D4p3CHoZG
홍지1_자성록_(자)_11.16.(수) 13시,"취업캠프/서류,면접 클리닉",2022 자기주도성 홍지1_자성록_(자)_11.16.(수) 13시 15/01 2022/11/16~2022/11/16 2022/11/04 09:00 ~ 2022/11/16 23:50 ,https://chsquare.skku.edu/challenge/nxui/index.html?ticket=dZvGDG1D4p3CHoZG
돈의_(자)_11.16.(수) 11시,"취업캠프/서류,면접 클리닉",2022 자기주도성 돈의_(자)_11.16.(수) 11시 12/01 2022/11/16~2022/11/16 2022/11/04 09:00 ~ 2022/11/16 23:50 ,https://chsquare.skku.edu/challenge/nxui/index.html?ticket=dZvGDG1D4p3CHoZG
홍지1_자성록_(자)_11.16.(수) 11시,"취업캠프/서류,면접 클리닉",2022 자기주도성 홍지1_자성록_(자)_11.16.(수) 11시 14/01 2022/11/16~2022/11/16 2022/11/04 09:00 ~ 2022/11/16 23:50 ,https://chsquare.skku.edu/challenge/nxui/index.html?ticket=dZvGDG1D4p3CHoZG
미래학자를 위한 실시간 토크쇼_제5회 <알.쓸.학.잡>,"취업캠프/서류,면접 클리닉",2022 자기주도성 미래학자를 위한 실시간 토크쇼_제5회 <알.쓸.학.잡> 02/01 2022/11/16~2022/11/16 2022/11/11 09:00 ~ 2022/11/16 13:00 ,https://chsquare.skku.edu/challenge/nxui/index.html?ticket=dZvGDG1D4p3CHoZG
톨게이트 채용공고,"취업캠프/서류,면접 클리닉",332 [마감] 겨울방학 포스코 스틸브릿지(채용연계형) 현장실습 참여학생 모집(~11. 10.(목)) 학생 22.10.31 박성현 158,https://tollgate.skku.edu/
톨게이트 채용공고,"취업캠프/서류,면접 클리닉",331 2022학년도 겨울학기 표준 현장실습학기제 프로그램 참여학생 모집 학생 22.10.18 박성현 773,https://tollgate.skku.edu/
톨게이트 채용공고,"취업캠프/서류,면접 클리닉",330 [MAKE UNIC] 2022학년도 2학기 표준 현장실습학기제 프로그램 참여학생 모집 안내 학생 22.07.29 곽서영 863,https://tollgate.skku.edu/
톨게이트 채용공고,"취업캠프/서류,면접 클리닉",329 [EXPERIENCE UNIC] 2022학년도 2학기 표준 현장실습학기제 프로그램 참여학생 모집 안내 학생 22.07.26 김연정 830,https://tollgate.skku.edu/
톨게이트 채용공고,"취업캠프/서류,면접 클리닉",328 [META UNIC] 2022학년도 2학기 표준현장실습학기제 프로그램 참여학생 모집 안내 학생 22.07.25 심보경 805,https://tollgate.skku.edu/
톨게이트 채용공고,"취업캠프/서류,면접 클리닉",327 [INNOVATION UNIC] 2022학년도 2학기 표준현장실습학기제 프로그램 참여학생 모집 안내_220727VER. 학생 22.07.22 형혜림 658,https://tollgate.skku.edu/
톨게이트 채용공고,"취업캠프/서류,면접 클리닉",326 [표준현장실습학기제] 샘표식품(주) 2학기 및 겨울학기 장기(6개월) 현장실습 참여학생 모집 안내(~7/22 15시까지) 학생 22.07.20 형혜림 242,https://tollgate.skku.edu/
톨게이트 채용공고,"취업캠프/서류,면접 클리닉",325 2022학년도 2학기 삼성전자 DS부문 장기현장실습 참여학생 모집 안내(~7. 28.(목)) 학생 22.07.19 김연정 1330,https://tollgate.skku.edu/
톨게이트 채용공고,"취업캠프/서류,면접 클리닉",324 한국과학기술정보연구원(KISTI) 여름학기 현장실습 참여학생 모집 안내(~6/26까지) 학생 22.06.15 형혜림 570,https://tollgate.skku.edu/
톨게이트 채용공고,"취업캠프/서류,면접 클리닉",323 환경부 국립생물자원관 2022년 하계 대학생 현장실습 참가자 모집 학생 22.05.30 형혜림 289,https://tollgate.skku.edu/
